Model,RMSE,MAE,R² Score
XGBoost,1040.6785646874832,833.162353515625,0.4255591630935669
Linear Regression,1023.0473775198209,805.8758165097354,0.4448586747102906
Ensemble,994.2697304751422,778.0582984646154,0.47565093138820524
